"HostelName","City","StartingPrice","Distance","RatingScore","RatingBand","Atmosphere","Cleanliness","Facilities","Location","Security","Staff","ValueForMoney","lon","lat","Station","Dist_Station","lat_station","lng_station"
"""Bike & Bed"" CharinCo Hostel","Osaka",3300,2.9,9.2,"Superb",8.9,9.4,9.3,8.9,9,9.4,9.4,135.5137671,34.682678,"Tanimachi Yonchome",0.324980126115165,34.6821069,135.5172527
"& And Hostel","Fukuoka-City",2600,0.7,9.5,"Superb",9.4,9.7,9.5,9.7,9.2,9.7,9.5,130.4085353,33.59383334,"Nakasu-Kawabata",0.227848809146881,33.5945858,130.4062472
"&And Hostel Akihabara","Tokyo",3600,7.8,8.7,"Fabulous",8,7,9,8,10,10,9,139.7774724,35.6974473,"Akihabara",0.41006159225631,35.69855685,139.7731418
"&And Hostel Ueno","Tokyo",2600,8.7,7.4,"Very Good",8,7.5,7.5,7.5,7,8,6.5,139.783667,35.712716,"Inaricho",0.170318921250364,35.71141397,139.7826734
"&And Hostel-Asakusa North-","Tokyo",1500,10.5,9.4,"Superb",9.5,9.5,9,9,9.5,10,9.5,139.7983712,35.7278979,"Minami-senju",0.497011005602321,35.7323539,139.7988024
"1night1980hostel Tokyo","Tokyo",2100,9.4,7,"Very Good",5.5,8,6,6,8.5,8.5,6.5,139.7869499,35.724384,"Iriya",0.341543698797562,35.7215633,139.7854523
"328 Hostel & Lounge","Tokyo",3300,16.5,9.3,"Superb",8.7,9.7,9.3,9.1,9.3,9.7,8.9,139.7454672,35.5480439,"Suehirocho",3.01991122382276,35.5302804,139.7707142
"36Hostel","Hiroshima",2000,1.6,9.5,"Superb",8.8,9.9,9.2,9.6,9.8,9.8,9.5,132.4483397,34.39813114,"Kencho-mae",0.91368789921731,34.3963499,132.4580612
"Ace Inn Shinjuku","Tokyo",2200,3,7.7,"Very Good",6.7,7.2,6.8,8.5,7.8,8.5,8.1,139.7243036,35.6925119,"Yotsuya-sanchome",0.648037152302359,35.6877469,139.7201721
"Air Osaka Hostel","Osaka",1600,9.7,9.2,"Superb",9.5,9.1,8.7,8.8,8.9,9.8,9.5,135.4769556,34.6222596,"Kitakagaya",0.209973381054311,34.6214001,135.4789988
"Aizuya Inn","Tokyo",2000,10.6,8.5,"Fabulous",8.1,8.3,8.4,7.8,8.9,9.1,8.9,139.800993,35.727547,"Minami-senju",0.569905984016244,35.7323539,139.7988024
"Akihabara Hotel 3000","Tokyo",2200,8,10,"Superb",10,10,10,10,10,10,10,139.779382,35.6974904,"Akihabara",0.57584362095013,35.69855685,139.7731418
"Almond hostel & cafe Shibuya","Tokyo",2900,2.2,9.3,"Superb",9.1,9.5,8.8,9.5,9.4,9.7,9,139.6875352,35.6700092,"Yoyogi-uehara",0.715271807304943,35.6691681,139.6796851
"Anne Hostel Asakusabashi","Tokyo",2000,8.9,9.1,"Superb",8.8,9.2,8.7,9,9.1,9.5,9.2,139.7893595,35.6989448,"Tawaramachi",1.21843269661773,35.709842,139.7907747
"Anne Hostel Yokozuna","Tokyo",1800,9.5,9.1,"Superb",8.8,9.1,9,9.2,9.3,9.3,9.2,139.7967977,35.6954897,"Kiyosumi-shirakawa",1.50559758029815,35.6820467,139.7987913
"Ark Hostel","Osaka",2700,1.9,9,"Superb",8.7,9.2,8.9,8.8,9.1,9.2,9,135.4954657,34.69078385,"Higobashi",0.094846780560899,34.691077,135.4964399
"ARTnSHELTER","Tokyo",2400,10.5,8.3,"Fabulous",8.2,8.1,7.7,7.9,9.1,9,8.3,139.742108,35.604242,"Shirokanedai",4.02048165709943,35.6381169,139.7265558
"AS House (Asakusa Smile)","Tokyo",1600,10,7.8,"Very Good",7.9,6.2,7,9,8.2,8,8.3,139.800616,35.707363,"Asakusa",0.462670535759634,35.71085336,139.7978265
"Asakusa Hostel Toukaisou","Tokyo",1300,9.3,8.9,"Fabulous",7.9,9.4,8.3,9.5,9.2,8.9,9.2,139.79081,35.713177,"Tawaramachi",0.37084877581589,35.709842,139.7907747
"Asakusa Ryokan Toukaisou","Tokyo",3600,9.3,8.7,"Fabulous",8,8.4,8.4,8.8,8.8,9.4,8.8,139.79081,35.713177,"Tawaramachi",0.37084877581589,35.709842,139.7907747
"Asakusahotel Wasou","Tokyo",2000,9.9,9.4,"Superb",8.7,9.3,9,9.7,10,10,9.3,139.7966971,35.7118769,"Asakusa",0.152810712450659,35.71085336,139.7978265
"Astro Station","Tokyo",3500,3.8,8.4,"Fabulous",7.1,9.1,8,9.7,7.1,8.6,8.9,139.7036929,35.7143962,"Takadanobaba",0.123676061972666,35.7134826,139.7044742
"B&S Eco Cube Shinsaibashi","Osaka",2600,4,8.6,"Fabulous",7.5,9,8,8.5,10,8,9,135.4991771,34.6707458,"Yotsubashi",0.438446584340327,34.6741351,135.496727
"Backpackers Hostel K's House Hiroshima","Hiroshima",2600,1.9,9.4,"Superb",9,9.5,9.2,9.4,9.5,9.7,9.3,132.473831,34.392506,"Kencho-mae",1.50875987122884,34.3963499,132.4580612
"Backpackers Hostel K's House Kyoto","Kyoto",1800,2.4,9.2,"Superb",9,9.3,9.2,9.1,9.5,9.4,9.1,135.764916,34.989791,"Kyoto",0.668345342987944,34.9861885,135.7590433
"Backpackers Hostel K's House Tokyo","Tokyo",2100,9.2,9.2,"Superb",9.1,9.3,9,8.6,9.5,9.6,9,139.792253,35.705066,"Tawaramachi",0.547584089340638,35.709842,139.7907747
"Backpackers Hotel Toyo Osaka","Osaka",1500,6.5,8.8,"Fabulous",8.1,8.2,8.5,8.9,9.3,9.3,9.3,135.5041024,34.6483651,"Dobutsuen-mae",0.0823342082600344,34.6489686,135.5035809
"Backstage Osaka Hostel & Bar","Osaka",2200,4.5,8.8,"Fabulous",8.8,8.2,8.1,9.5,8.6,9.3,9.2,135.513299,34.6670083,"Tanimachi Kyuchome",0.245611386598742,34.666639,135.5159468
"Beagle Tokyo Hostel & Apartments","Tokyo",3800,16.1,9,"Superb",8,10,9,8,9,9,10,139.7410778,35.5504924,"Suehirocho",3.49879639051553,35.5302804,139.7707142
"Bed Stock","Fukuoka-City",2500,1.1,8.9,"Fabulous",8.6,9.9,8.1,9.4,8.9,9,8.6,130.3900005,33.58869512,"Akasaka",0.0716905853813679,33.5890681,130.3906318
"Beehive Hostel Osaka","Osaka",2900,3.4,9.1,"Superb",8.8,9.2,8.7,8.8,9.5,9.7,9.2,135.508387,34.676892,"Nagahoribashi",0.329337184323342,34.6744602,135.5063311
"Bigtree Guesthouse","Osaka",2900,36.6,9.6,"Superb",9.3,9.8,9.3,9.1,10,10,9.3,135.3233376,34.4119443,"Nakamozu",23.147235369883,34.5561152,135.5055107
"Bird Hostel","Kyoto",2700,1.1,9.3,"Superb",8.9,9.5,9.5,9.4,9.2,9.5,9.4,135.7587254,35.0175416,"Marutamachi",0.119717044027519,35.016855,135.759738
"bnb+ Ninja Dojo Ueno","Tokyo",2500,8,5.2,"Rating",4,3.3,4,8.7,5.3,4.7,6.7,139.7277038,35.73285211,"Shin-otsuka",0.811256971369992,35.7257823,139.7299234
"bnb+Shinjuku Castle","Tokyo",2500,1.3,5,"Rating",2.7,4,3.3,7.3,5.3,5.3,6.7,139.7051632,35.69714117,"Higashi-shinjuku",0.306342773372458,35.6989445,139.7077279
"Bonfire Hostel Osaka","Osaka",1800,9.5,9.2,"Superb",7.6,9.6,10,8,9.6,10,9.6,135.506891,34.621308,"Nishitanabe",0.755454722806447,34.6216124,135.5151386
"Bonsai Guest House","Osaka",1800,5.9,8.7,"Fabulous",7.5,9.1,8.4,9.5,8.9,8.9,8.8,135.5281825,34.65863761,"Tsuruhashi",0.760311947833076,34.6652458,135.530318
"Book and Bed Tokyo - Kyoto","Kyoto",3800,0.9,9.1,"Superb",9,10,8.5,9.5,8.5,10,8,135.7727965,35.0041178,"Hyotan-yama",0.37086986079761,35.0037565,135.7687486
"Book And Bed Tokyo Asakusa","Tokyo",4100,9.6,9.1,"Superb",8.7,9.7,8.6,9.4,9.5,9.3,8.6,139.7949806,35.7107965,"Asakusa",0.257026423631165,35.71085336,139.7978265
"Book And Bed Tokyo Fukuoka","Fukuoka-City",4300,0.3,8.6,"Fabulous",8,10,6,10,8,10,8,130.3979662,33.5909933,"Tenjin",0.0958987507512983,33.5914006,130.3988788
"Book And Bed Tokyo Ikebukuro","Tokyo",4100,4.9,8.2,"Fabulous",8.9,8,8,9.1,7.7,8.6,7.4,139.7085388,35.7310808,"Ikebukuro",0.0202262455193545,35.7312289,139.7084087
"Bunka Hostel Tokyo","Tokyo",2200,9.5,9.3,"Superb",8.8,9.3,9.3,9.5,9.4,9.8,9.2,139.79322,35.712108,"Tawaramachi",0.335009180752633,35.709842,139.7907747
"Capsule Hotel Asahi Plaza Shinsaibashi","Osaka",3000,4,9.9,"Superb",10,10,10,10,10,10,9,135.497847,34.6707858,"Yotsubashi",0.386252345441179,34.6741351,135.496727
"Capsule Inn Kinshichou","Tokyo",2600,10.9,8.6,"Fabulous",6,10,8,8,10,8,10,139.81198,35.6981223,"Kinshicho",0.309944863962649,35.6975284,139.8153335
"Capsule Resort Kyoto Square","Kyoto",3100,1.3,9.6,"Superb",9.1,10,9.6,10,9.8,9.8,9.1,135.7535562,35.0112333,"Karasuma Oike",0.568277290065371,35.009992,135.7596091
"Capsule Value Kanda","Tokyo",3000,7.1,8.6,"Fabulous",8,8.7,7.3,9.3,8.7,9.3,8.7,139.7707637,35.6895954,"Otemachi",0.437760529397165,35.6876162,139.7665736
"Casa Macondo","Osaka",3000,5,6.9,"Good",6.5,6.5,7.5,7,7,6.5,7,135.4893801,34.6633342,"Sakuragawa",0.57529939733979,34.6684262,135.488266
"Centurion Cabin & Spa Kyoto","Kyoto",2500,1.1,8.9,"Fabulous",7.9,9.6,9.1,9.6,8.9,8.5,8.6,135.761618,35.003533,"Shijo",0.213542914317596,35.0024081,135.7597178
"Centurion Hotel Residential Akasaka","Tokyo",2600,4.5,9,"Superb",7.5,9.3,9.3,9.3,9.5,8.9,9,139.7376971,35.6738463,"Akasaka",0.305508510500895,35.6715627,139.7358165
"Centurion Ladies Hostel Uenopark (Female only)","Tokyo",2500,7.4,8.9,"Fabulous",7.7,8.9,9.1,9.1,9.3,8.9,9.3,139.770129,35.709199,"Yushima",0.139416844850421,35.7079466,139.7700559
"Chaganjutei","Kyoto",3300,14.1,9.6,"Superb",10,10,9,9,9,10,10,135.8007905,34.8876476,"Ogura",1.84043038162017,34.8931814,135.7817732
"CITAN Hostel","Tokyo",2500,8.1,9.4,"Superb",9.3,9.8,9.5,9.1,9.5,9.6,9.3,139.781352,35.691571,"Kodemmacho",0.260487149352943,35.6913621,139.7784791
"Coco Hostel Osaka","Osaka",2100,4.7,8.5,"Fabulous",7.2,9.2,8,9.8,8.2,8.8,8.2,135.508221,34.6644243,"Nippombashi",0.341928649894025,34.6669677,135.5061197
"Colours","Kyoto",1600,1.8,8.9,"Fabulous",4,10,10,8,10,10,10,135.7546795,34.99980923,"Shijo",0.5423178079131,35.0024081,135.7597178
"Comics & CapsuleHotel COMICAP kyotoshinkyogoku","Kyoto",2000,0.7,9.6,"Superb",9.1,9.8,9.8,9.8,9.4,9.3,9.7,135.7676061,35.0053862,"Hyotan-yama",0.20896653622457,35.0037565,135.7687486
"Common de Hostel & Bar","Fukuoka-City",2500,0.8,9.9,"Superb",10,10,10,9,10,10,10,130.4032209,33.5978245,"Nakasu-Kawabata",0.456353405602982,33.5945858,130.4062472
"Daikoku Hostel","Osaka",2800,5.8,8,"Fabulous",6,8,8,8,9,9,8,135.4971528,34.6550004,"Daikokucho",0.119409567728382,34.6559111,135.4978446
"Dotombori Base","Osaka",2500,4.3,8.7,"Fabulous",8.6,8.3,7.7,9.7,8.6,9.4,8.9,135.5052683,34.6678045,"Nippombashi",0.121329064305691,34.6669677,135.5061197
"Downtown Inn Kyoto","Kyoto",1000,1.4,9.3,"Superb",8.9,9.7,9.7,9.1,9.1,8.6,9.7,135.755182,35.0052769,"Shijo",0.521950102019274,35.0024081,135.7597178
"Drop Inn Osaka","Osaka",2800,1.4,8.8,"Fabulous",8.3,9.5,9,8.3,9.1,8.5,8.7,135.4886189,34.7001589,"Higashi-Ikoma Signal Station",0.150193032961673,34.7004523,135.4902226
"Edo Tokyo Hostel","Tokyo",1800,15.8,8.1,"Fabulous",8,8.5,8,7.5,7,8.5,9,139.8638707,35.7129526,"Oshiage",4.57957823496333,35.7106447,139.8132275
"Emblem Hostel Nishiarai","Tokyo",2000,13.3,9.3,"Superb",9.5,9.8,9.7,7.4,9.8,9.8,9.5,139.791216,35.7782,"Kita-senju",3.42154669646797,35.7495473,139.8050418
"ENAKA Asakusa Central Hostel","Tokyo",2600,9.7,9.3,"Superb",8.9,9.8,9.3,9.6,9.6,9.1,8.9,139.795301,35.7121845,"Asakusa",0.271847800993829,35.71085336,139.7978265
"Ezstay Osaka","Osaka",2000,4.6,3.1,"Rating",2,2,2,4,6,2,4,135.535271,34.6757318,"Tamatsukuri",0.336020228453058,34.6734694,135.532835
"Fairfield House","Kyoto",1700,1.9,9.3,"Superb",9.1,9.6,9.4,8.7,9.3,9.6,9.7,135.7513206,35.00213845,"Shijo",0.765429835148348,35.0024081,135.7597178
"Family & bAKpAK Tokyo Hostel","Tokyo",1800,9.8,7.4,"Very Good",6.5,6.5,7.5,7.5,8.5,6.5,9,139.79148,35.72369,"Iriya",0.593308420960655,35.7215633,139.7854523
"Friends Kyo","Kyoto",2200,1.2,10,"Superb",10,10,10,10,10,10,10,135.7718,35.001371,"Hyotan-yama",0.384194509505374,35.0037565,135.7687486
"Fukuoka Backpackers Hostel","Fukuoka-City",2300,2.5,8.3,"Fabulous",7.5,8.6,8,8.2,8.8,8.9,8.1,130.428142,33.584119,"Higashi-Hie",0.689599324323203,33.5897427,130.4312804
"Fukuoka Hana Hostel","Fukuoka-City",2500,0.8,9,"Superb",8.3,9.2,8.8,9.5,9,9.3,9,130.4097719,33.5926482,"Nakasu-Kawabata",0.391154553976398,33.5945858,130.4062472
"Funtoco Backpackers Namba","Osaka",2300,5.5,9.3,"Superb",8.9,9.6,9,9,9.5,10,9.4,135.503623,34.656784,"Ebisucho",0.272147401029831,34.6549385,135.5055773
"Gion Ryokan Q-beh","Kyoto",2800,1.5,9.5,"Superb",9,9.8,9.5,9.8,9.3,9.5,9.6,135.7795363,35.0014418,"Hyotan-yama",1.01572361309354,35.0037565,135.7687486
"Goen Loungeï¼†Stay","Osaka",2000,18.2,8.9,"Fabulous",8,10,10,6,8,10,10,135.6505111,34.815565,"Takatsuki-shi",4.55380436725655,34.8498121,135.6231521
"Gojo Guest House","Kyoto",2000,1.9,9.5,"Superb",9.6,9.5,8.8,9.6,9.3,10,9.8,135.7722097,34.9954879,"Hyotan-yama",0.97197337464999,35.0037565,135.7687486
"Gojo Guesthouse - Annex","Kyoto",2500,1.7,9.6,"Superb",8.7,10,9.3,9.3,10,10,10,135.775803,34.998209,"Hyotan-yama",0.890715607555004,35.0037565,135.7687486
"Good Diner Inn Copain","Tokyo",3300,5.6,9.1,"Superb",9.5,9.5,9.5,8,9,10,8.5,139.7182582,35.7346756,"Higashi-ikebukuro",0.919827135139193,35.7264063,139.7185282
"Grids Kyoto Shijo Kawaramachi Hotel & Hostel","Kyoto",1800,1,9.7,"Superb",8.9,10,9.5,10,10,9.8,9.8,135.764823,35.004678,"Hyotan-yama",0.371939742593783,35.0037565,135.7687486
"GRIDS TOKYO AKIHABARA HOTEL&HOSTEL","Tokyo",2400,8,8.7,"Fabulous",7.8,9.4,8.7,8.7,8.8,8.7,8.7,139.780326,35.696562,"Kodemmacho",0.601777367515793,35.6913621,139.7784791
"Grids Tokyo Asakusa-Bashi Hotel&Hostel","Tokyo",2200,8.3,9,"Superb",7.9,9.6,9,8.7,9.5,9.5,8.9,139.780326,35.696562,"Kodemmacho",0.601777367515793,35.6913621,139.7784791
"GRIDS TOKYO NIHOMBASHI EAST HOTEL&HOSTEL","Tokyo",2400,8.3,8.3,"Fabulous",6.7,9.3,8.7,9.3,9.3,7.3,7.3,139.783943,35.690286,"Kodemmacho",0.507745330895813,35.6913621,139.7784791
"Guest House Bola-Bola","Kyoto",2700,6.1,9.4,"Superb",9.3,9.9,9,8.8,9.4,9.9,9.4,135.7015683,35.0147747,"Marutamachi",5.30244292801327,35.016855,135.759738
"Guest House Com Inn Hiroshima","Hiroshima",2900,2.5,8.9,"Fabulous",7.3,10,8,8,10,10,8.7,132.443757,34.405665,"Johoku",1.38893837807831,34.4054915,132.4588951
"Guest House Denchi","Tokyo",3600,9.2,8.9,"Fabulous",8,10,6,8,10,10,10,139.7895455,35.7128268,"Tawaramachi",0.34995813587893,35.709842,139.7907747
"Guest House Ga-Jyun","Kyoto",2000,1.4,9.6,"Superb",9.6,9.7,9.4,9.4,9.4,9.9,9.9,135.7833531,35.009131,"Hyotan-yama",1.45823741314919,35.0037565,135.7687486
"Guest House Hachi","Kyoto",3200,3.2,10,"Superb",10,10,10,10,10,10,10,135.7435285,34.9915805,"Kyoto",1.5352782950592,34.9861885,135.7590433
"Guest House Hitsuji-An","Kyoto",2200,1.3,9.8,"Superb",9.5,10,9.5,10,10,10,9.5,135.75435,35.009679,"Karasuma Oike",0.480233276366894,35.009992,135.7596091
"Guest House Hokorobi","Fukuoka-City",2400,6,8.4,"Fabulous",7.7,8.5,8.5,7.5,9.5,8.7,8.7,130.3386703,33.57777255,"Muromi",0.375236757479039,33.5809624,130.3399921
"Guest House Kaine","Fukuoka-City",2500,0.7,8.9,"Fabulous",10,9,8.5,9,7.5,10,8.5,130.403731,33.596604,"Nakasu-Kawabata",0.323536015706097,33.5945858,130.4062472
"Guest House Kyoto Inn","Kyoto",1500,3.3,8.9,"Fabulous",8.7,9.4,9,8.1,8.6,9.4,8.9,135.743165,34.990043,"Toji",1.41604834906597,34.9799452,135.7526359
"Guest House La Kongo","Osaka",2500,4.2,7.8,"Very Good",6,8,7.5,9,8,8.5,7.5,135.5078668,34.6687802,"Nippombashi",0.257192460726409,34.6669677,135.5061197
"Guest House Matsu","Osaka",1900,7.4,9.3,"Superb",9,9.7,9.2,8.7,9.3,9.7,9.5,135.495148,34.640747,"Hanazonocho",0.399958782851808,34.644166,135.496506
"Guest House ODORI","Osaka",2800,7.9,8.6,"Fabulous",10,10,8,6,8,8,10,135.5231371,34.6372998,"Fuminosato",0.468869429088303,34.6356639,135.5184136
"Guest House Onoya","Osaka",2000,3.3,9.4,"Superb",9.5,10,10,8,9,10,9.5,135.5376482,34.7025957,"Kyobashi",0.740225218789139,34.6966897,135.5339121
"Guest House Renjishi Kabuki","Kyoto",1500,2.5,8.7,"Fabulous",8,8.9,7.9,8.7,9,9.8,8.6,135.7505144,34.9949044,"Gojo",0.840423424733083,34.9954343,135.7597179
"Guest House Roku","Hiroshima",2900,2.7,9.3,"Superb",9.5,9.5,9,9,9.2,9.8,9.4,132.465716,34.4074787,"Shin-Hakushima",0.430936312366379,34.4084597,132.4611716
"Guest House Shinagawa-shuku Tokyo","Tokyo",3300,8.7,9.2,"Superb",9,9.3,9.3,8.7,9,10,9,139.7403581,35.6217794,"Shirokanedai",2.20370204906147,35.6381169,139.7265558
"Guest House Shiori Ann","Kyoto",1500,2,8.9,"Fabulous",6,8,10,9,10,9,10,135.759117,34.994889,"Gojo",0.0816862484121434,34.9954343,135.7597179
"Guest House TRACE","Tokyo",2700,8.7,7.7,"Very Good",6,6,6,8,10,8,10,139.7873683,35.69430201,"Kodemmacho",0.866772273779163,35.6913621,139.7784791
"Guest House Yahata","Kyoto",2500,2,8.6,"Fabulous",7.5,9.5,8.5,8,9.8,8.5,8.5,135.754772,34.9976055,"Gojo",0.511130372030057,34.9954343,135.7597179
"Guest House YULULU","Kyoto",1500,0.5,8.6,"Fabulous",8.3,8.6,7.8,9.5,8.5,9.4,8.3,135.7626322,35.0098862,"Karasuma Oike",0.275578505447898,35.009992,135.7596091
"Guesthouse Fete","Tokyo",2300,9.7,9.4,"Superb",9.8,9.2,8.9,8.8,9.5,9.9,9.4,139.7981,35.701441,"Asakusa",1.04689798284912,35.71085336,139.7978265
"Guesthouse Fujitatami","Osaka",2200,26.6,9.1,"Superb",9.8,9.8,9.3,6.8,9,9.8,9.3,135.4575132,34.4698056,"Nakamozu",10.5568071239839,34.5561152,135.5055107
"Guesthouse Gloire","Osaka",2800,3.9,7.1,"Very Good",8,8,8,4,6,8,8,135.511096,34.67197,"Matsuyamachi",0.420166233233053,34.675552,135.5125589
"Guesthouse HetoGep","Osaka",2500,4.5,9.1,"Superb",9.2,8.4,9.2,10,8.8,9.6,8.8,135.5049204,34.6662004,"Nippombashi",0.138959188356301,34.6669677,135.5061197
"Guesthouse Hiroshima Mange Tak","Hiroshima",2800,1.4,9.5,"Superb",8.9,9.8,9.4,9.6,9.6,9.7,9.3,132.445801,34.3952854,"Hondori",1.04881061415452,34.3933943,132.4569995
"Guesthouse Kagaribi","Tokyo",2200,11.8,8.3,"Fabulous",8,8.8,8,6.8,8,9.6,8.8,139.7957726,35.7539265,"Kita-senju",0.967875405067706,35.7495473,139.8050418
"Guesthouse Morizou Female only","Osaka",2000,3.7,10,"Superb",10,10,10,10,10,10,10,135.526955,34.6800923,"Morinomiya",0.613009528996044,34.6817307,135.5333561
"Guesthouse Origami","Kyoto",1500,1.7,8.1,"Fabulous",7.7,7.1,7.7,8.6,8.6,8.9,8,135.7550381,35.0012337,"Shijo",0.445798866290103,35.0024081,135.7597178
"Guesthouse SAI","Osaka",1800,7,8.9,"Fabulous",7.6,10,9.6,7.6,9.2,9.2,9.2,135.5661389,34.7412826,"Moriguchi",0.378886186667647,34.7383302,135.5640688
"Guesthouse Sensu","Tokyo",3300,15.7,9.3,"Superb",8,10,9.5,9,9,10,9.5,139.7405231,35.553499,"Suehirocho",3.7586557301945,35.5302804,139.7707142
"Guesthouse Shitamachi-Kujo","Kyoto",1900,3.9,9.1,"Superb",10,10,8,8,10,10,8,135.762166,34.977079,"Kujo",0.355414204151968,34.9795635,135.7597118
"Guesthouse Soi","Kyoto",1700,2.4,9.5,"Superb",9.4,9.6,9.6,8.8,9.4,9.8,9.8,135.7776103,34.9917216,"Hyotan-yama",1.56281677476258,35.0037565,135.7687486
"Guesthouse U-En","Osaka",2300,1.9,9.5,"Superb",9.3,9.6,9.3,9.4,9.4,9.8,9.5,135.4865055,34.6946473,"Higashi-Ikoma Signal Station",0.729473151151972,34.7004523,135.4902226
"Harborside Guest House MINATO","Fukuoka-City",2500,1.5,8.4,"Fabulous",7.5,9,8.5,7,9.5,9,8.5,130.406397,33.603186,"Gofukumachi",0.656708731403476,33.5978937,130.4095442
"HARUYA Hostels Aqua","Kyoto",1500,3.1,9,"Superb",9,9,9,9,9,9,9,135.748695,34.988516,"Kyoto",0.977605997075528,34.9861885,135.7590433
"HATAGO tenjin","Fukuoka-City",2300,0.6,8.4,"Fabulous",8.7,8.7,8.7,10,7.3,7.3,8,130.3976545,33.5946282,"Tenjin",0.376382114693371,33.5914006,130.3988788
"Hikari House","Tokyo",4000,1.4,7.6,"Very Good",6.3,8,6.8,9.4,6.9,8.6,7.6,139.7019965,35.6991367,"Higashi-shinjuku",0.517990244865761,35.6989445,139.7077279
"Hiromas Hostel in Akiba","Tokyo",2700,7.3,9.2,"Superb",8.7,9.6,9.2,9.1,9.1,9.4,9.6,139.7702062,35.704546,"Yushima",0.378372918206928,35.7079466,139.7700559
"Hiromas Hostel in Kanda","Tokyo",2000,7.6,9.3,"Superb",8.4,9.8,9.5,9.1,9.2,9.4,9.3,139.7763124,35.6928219,"Kodemmacho",0.254235861855727,35.6913621,139.7784791
"Hiromas Inn  Chitose-Karasuyama","Tokyo",3000,0,7.5,"Very Good",7.1,9.1,7.4,7.4,6.3,6.9,8.3,139.6033214,35.6711619,"Ogikubo",4.09974295002976,35.70566,139.61934
"Hiroshima Hana Hostel","Hiroshima",2300,2.4,9,"Superb",8.1,9.3,8.8,9.4,8.9,9.5,9,132.478765,34.395097,"Kencho-mae",1.90474006659252,34.3963499,132.4580612
"Hiroshima Hostel EN","Hiroshima",3000,2.6,9.6,"Superb",9.8,9.7,9.3,9.3,9.3,9.8,9.7,132.450789,34.408,"Johoku",0.794252186560653,34.4054915,132.4588951
"Home Hostel Osaka","Osaka",2700,6.2,9.7,"Superb",8.7,9.9,10,9.7,9.9,9.7,9.7,135.5067813,34.65131483,"Dobutsuen-mae",0.392130375289456,34.6489686,135.5035809
"Homeikan","Tokyo",3600,6.3,9.3,"Superb",9.1,9.4,9.1,9.1,9.1,10,9.1,139.75625,35.711231,"Korakuen",0.49365837241506,35.7086514,139.7518001
"Hop Step Inn","Tokyo",1500,8.5,9.1,"Superb",8.5,9.6,9.3,8.3,9.6,9.4,9.2,139.7382791,35.7560182,"Oji",0.249553497601327,35.7537893,139.7379558
"Hostel & Cafe Bar Backpackers Miyajima","Hiroshima",2900,16.1,9.2,"Superb",9.2,9.3,9,9.2,9.1,9.6,8.9,132.3046213,34.3101872,"Koiki-koen-mae",16.4593749630888,34.4354518,132.4001697
"Hostel 64 Osaka","Osaka",2700,3.4,8.6,"Fabulous",8.2,8.6,8.2,8.1,9.1,9,8.6,135.4883418,34.6780282,"Nishi-Nagahori",0.33096044737865,34.6752108,135.4871747
"Hostel bedgasm","Tokyo",2900,9.5,9.6,"Superb",9.6,9.8,9.6,9.1,9.5,9.9,9.7,139.789033,35.72135,"Iriya",0.324117595926044,35.7215633,139.7854523
"Hostel Bushi","Osaka",1900,3.4,8.8,"Fabulous",8.5,8.8,8.9,8.6,8.8,9.2,8.9,135.5374497,34.6979324,"Kyobashi",0.351695000232426,34.6966897,135.5339121
"Hostel Chapter Two Tokyo","Tokyo",2700,9.8,10,"Superb",10,10,10,10,10,10,10,139.797217,35.709305,"Asakusa",0.180750662754252,35.71085336,139.7978265
"Hostel Chillout","Osaka",2300,4.3,9.6,"Superb",9.4,9.4,9.1,10,9.4,10,9.7,135.491819,34.66907615,"Sakuragawa",0.332871885022553,34.6684262,135.488266
"hostel DEN","Tokyo",2400,7.7,9.4,"Superb",9.1,9.7,9.3,9,9.7,9.7,9.4,139.7766966,35.6910315,"Kodemmacho",0.165120828524677,35.6913621,139.7784791
"Hostel Ebi","Kyoto",2500,1,9.7,"Superb",9.4,9.9,9.5,9.8,9.7,9.8,9.6,135.760511,35.0050582,"Shijo",0.3034046513903,35.0024081,135.7597178
"Hostel Ebisutei Souzou with Sake Bar","Osaka",2400,5.6,9.2,"Superb",9.7,9,9,9.5,8.3,9.6,9.4,135.5052993,34.6560531,"Ebisucho",0.126519461953163,34.6549385,135.5055773
"Hostel Enisia Namba","Osaka",3000,4.3,9.3,"Superb",8.7,9.2,9.3,10,9.5,9.3,9.2,135.503292,34.6681,"Nippombashi",0.287626053686434,34.6669677,135.5061197
"Hostel Ginkakuji","Kyoto",1300,2.7,4.9,"Rating",2,10,6,6,2,2,6,135.791229,35.027017,"Imadegawa",2.91857817940022,35.0298223,135.7593593
"Hostel HARUYA Kyoto","Kyoto",1500,1,9.6,"Superb",8,10,10,10,10,10,9,135.778964,35.008755,"Hyotan-yama",1.08377780534905,35.0037565,135.7687486
"HOSTEL HYAKU","Osaka",2700,4.4,9.5,"Superb",8.9,10,9.4,9.3,9.7,9.7,9.5,135.5109784,34.6676664,"Nippombashi",0.451090061253959,34.6669677,135.5061197
"Hostel J Culture 168","Osaka",3000,5.3,7.5,"Very Good",6.7,7.3,8.7,7.3,8,9.3,5.3,135.475656345539,34.748834611367,"Esaka",2.23714614668284,34.7586533,135.4970297
"Hostel Jin","Osaka",2500,4.3,9.6,"Superb",8.8,10,9.8,8.8,9.8,9.8,10,135.4661493,34.6810161,"Kujo",0.925531680628693,34.675207,135.4733981
"Hostel Kyoto Kizuna","Kyoto",1800,2.1,9.4,"Superb",8.6,9.9,9.5,9.2,9.6,9.6,9.6,135.7626527,34.9936138,"Gojo",0.335330379179963,34.9954343,135.7597179
"Hostel LnK (Lodging & Kin)","Osaka",3300,5.6,9.5,"Superb",9.2,10,9.3,9.5,9.3,9.5,9.5,135.502521,34.656382,"Ebisucho",0.322354317492284,34.6549385,135.5055773
"Hostel Mallika","Hiroshima",2500,0.7,9.3,"Superb",8.5,9.5,9.2,9.7,9.4,9.6,9.3,132.4499424,34.389848,"Hondori",0.758161033611349,34.3933943,132.4569995
"Hostel Mitsuwaya Osaka","Osaka",3200,4.1,9.6,"Superb",9.4,10,9.7,9.1,9.7,9.9,9.6,135.513379,34.670596,"Tanimachi Kyuchome",0.498743375425483,34.666639,135.5159468
"Hostel moku-moku","Osaka",3500,4,9.6,"Superb",9,10,10,9.5,10,9.5,9.5,135.516458,34.74071,"Awaji",0.157332881459975,34.7393654,135.5169941
"Hostel Mundo","Kyoto",1400,2.1,8.4,"Fabulous",8,8.6,8,8,8.7,8.9,8.8,135.7479461,35.0204264,"Marutamachi",1.14490606966844,35.016855,135.759738
"Hostel Mundo Chiquito","Kyoto",1400,1.4,9.5,"Superb",9,9.8,9.3,9,9.8,10,9.8,135.753339,35.015514,"Marutamachi",0.601516201146334,35.016855,135.759738
"Hostel Pumpkey Tokyo","Tokyo",3400,2.3,8.7,"Fabulous",8.3,9,8.5,9,8.7,9,8.3,139.716957,35.686319,"Yotsuya-sanchome",0.330944004053653,35.6877469,139.7201721
"Hostel Q","Osaka",2900,4.2,8.7,"Fabulous",9,7.3,8,9.7,9,9.3,8.3,135.4986093,34.6692633,"Yotsubashi",0.568410547761846,34.6741351,135.496727
"Hostel Rakutsuki","Osaka",1900,4.7,9.5,"Superb",9.3,9.5,8.7,9.8,9.8,9.8,9.8,135.5062517,34.6647159,"Nippombashi",0.250679589803165,34.6669677,135.5061197
"Hostel Teltel Bouzu","Osaka",2500,3.8,9,"Superb",9,9,9,8.3,9.3,9.3,9,135.5091721,34.6734621,"Nagahoribashi",0.282513540998653,34.6744602,135.5063311
"Hostel WAQWAQ Tokyo Ueno Asakusa","Tokyo",1600,9,8.9,"Fabulous",8.9,9.6,9,8.4,8.5,9,8.7,139.785178,35.717633,"Iriya",0.437730424288001,35.7215633,139.7854523
"HOSTEL WASABI Kyoto Machiya Soba","Kyoto",2000,2.3,9.1,"Superb",8.9,9.8,9.1,7.9,9,9.2,9.4,135.7481084,35.0249099,"Imadegawa",1.1609791468612,35.0298223,135.7593593
"HOSTEL WASABI Osaka Bed with Library","Osaka",1500,4.5,8.8,"Fabulous",8.1,9.1,8.7,9.5,8.2,9.2,9,135.503826,34.666552,"Nippombashi",0.214802660227811,34.6669677,135.5061197
"Hostelï¼†CafÃ© East57 Asakusabashi","Tokyo",2200,8.7,8.7,"Fabulous",7.8,9.3,7.8,9.1,9,9.1,8.6,139.7876509,35.6967579,"Kodemmacho",1.02274923785018,35.6913621,139.7784791
"Hotel Cargo Shinsaibashi","Osaka",4200,3.2,9.3,"Superb",8.4,9.6,8.8,8.8,9.6,10,9.6,135.503563,34.678242,"Shinsaibashi",0.482613881821106,34.6747701,135.5003959
"Hotel Chuo","Osaka",1500,6.4,6.4,"Good",6,6,6,8,5,7,7,135.5046082,34.6490104,"Dobutsuen-mae",0.0940866987735505,34.6489686,135.5035809
"Hotel Graphy Nezu","Tokyo",1800,7.6,8.9,"Fabulous",8.5,9.1,9.2,8.5,9.3,9.3,8.8,139.768667,35.717269,"Nezu",0.320983317943419,35.718029,139.765237
"Hotel Kawase Tokyo and Capsule","Tokyo",1900,9.8,6.4,"Good",5.4,5.1,6,8,6.3,7.4,6.6,139.7951933,35.71011924,"Asakusa",0.251369192719111,35.71085336,139.7978265
"Hotel Mikado","Osaka",2000,6.5,8.7,"Fabulous",9.3,7.3,8,9.3,8,9.3,9.3,135.5046097,34.64828715,"Dobutsuen-mae",0.120823233721649,34.6489686,135.5035809
"Hotel Raizan South","Osaka",2000,6.5,8.1,"Fabulous",7,7,9,9,8,8,9,135.504278,34.648413,"Dobutsuen-mae",0.0887862921431186,34.6489686,135.5035809
"Hotel Shin-Imamiya","Osaka",1400,6.3,6.6,"Good",4.8,7.3,6,7.8,8.3,6.3,5.8,135.5015478,34.6497931,"Dobutsuen-mae",0.207345987899385,34.6489686,135.5035809
"Hotel Sun Plaza","Osaka",1300,6.3,6.5,"Good",6,7.3,6,6.7,6,7.3,6,135.5017749,34.64970371,"Dobutsuen-mae",0.184318569915421,34.6489686,135.5035809
"Hotel Taiyo","Osaka",1500,6.5,8.1,"Fabulous",7.3,8,8,8.7,8.7,8,8,135.5047718,34.6483624,"Dobutsuen-mae",0.12810540266291,34.6489686,135.5035809
"Hotel Wako","Osaka",1600,6.8,6,"Good",4,4,6,6,8,6,8,135.5018819,34.6459573,"Dobutsuen-mae",0.369152388884558,34.6489686,135.5035809
"Hotel&Hostel On the Marks Tokyo Kawasaki","Tokyo",1900,18.1,9.6,"Superb",9.6,10,9.6,8.7,9.9,9.9,9.6,139.6985808,35.5269926,"Suehirocho",6.53781388662664,35.5302804,139.7707142
"Idocoro","Osaka",1800,2.2,8.2,"Fabulous",7.1,8.9,8,7.6,8.8,8.7,8.2,135.5086675,34.6873302,"Kitahama",0.409411786544378,34.6905957,135.5065989
"Ikidane House","Tokyo",2000,8.2,9.1,"Superb",8,9.6,8.8,9.2,9.2,9.6,9.2,139.7604533,35.7373998,"Nishi-nippori",0.81053771977897,35.7325993,139.767211
"Ikidane House Asakusa Hatago","Tokyo",2000,10,8.9,"Fabulous",10,10,10,4,10,8,10,139.7950489,35.722089,"Iriya",0.868301438793258,35.7215633,139.7854523
"Ikidane House Namba","Osaka",1200,6.5,9.3,"Superb",8.9,9.6,9.7,8.8,8.9,9.6,9.6,135.5019794,34.6479104,"Dobutsuen-mae",0.187901339422434,34.6489686,135.5035809
"Ikoi-no-Ie Kyoto","Kyoto",2700,2.2,8,"Fabulous",6,8.8,8,8,9.2,8.4,7.6,135.757046,34.994033,"Gojo",0.288992009213625,34.9954343,135.7597179
"iloha Hostel Namba Shinsaibashi","Osaka",2600,3.7,9.2,"Superb",8.7,9.6,9.2,9.6,9.2,8.5,9.4,135.503048,34.673766,"Shinsaibashi",0.266991804245479,34.6747701,135.5003959
"IM Guest House","Osaka",1900,6.2,8.3,"Fabulous",7,8,7,8,9,10,9,135.5318822,34.65700399,"Tsuruhashi",0.927546833789404,34.6652458,135.530318
"Imano Kyoto Kiyomizu Hostel","Kyoto",2200,1.9,9.2,"Superb",8.6,9.8,9.3,9.1,9.4,9.2,9.3,135.776144,34.995592,"Hyotan-yama",1.13046581049901,35.0037565,135.7687486
"Imano Tokyo Ginza Hostel","Tokyo",2700,7.6,8.9,"Fabulous",8.3,9.3,8.9,8.8,9.3,9.2,8.7,139.7729057,35.6723059,"Shintomicho",0.313673810842095,35.6697485,139.7743712
"Imano Tokyo Hostel","Tokyo",3300,1.5,8.6,"Fabulous",7.7,8.9,8.1,9.3,8.6,9.2,8.1,139.7077128,35.6935053,"Shinjuku-sanchome",0.148342039611726,35.69313,139.7061365
"IRORI Nihonbashi Hostel and Kitchen","Tokyo",2100,8.3,9,"Superb",8.9,8.9,8.9,9,9.2,9.3,8.8,139.7836767,35.6926538,"Kodemmacho",0.490871552206412,35.6913621,139.7784791
"Iza Tokyo Asakusa Guesthouse","Tokyo",2500,9.9,9.3,"Superb",9.3,9.3,9.2,9.4,9.2,9.6,9.2,139.799302,35.706708,"Asakusa",0.479808963905242,35.71085336,139.7978265
"J-Hoppers Hiroshima Guesthouse","Hiroshima",2300,1.1,9.1,"Superb",8.5,9.3,9,9.3,9.3,9.4,9.2,132.4472444,34.3930208,"Hondori",0.896050792548435,34.3933943,132.4569995
"J-Hoppers Kyoto Guest House","Kyoto",1900,3.6,9,"Superb",8.4,9.1,8.3,8.9,9.4,9.7,9.3,135.761616,34.979439,"Kujo",0.174040011645746,34.9795635,135.7597118
"J-Hoppers Osaka Guesthouse","Osaka",2300,1.9,9.5,"Superb",9.5,9.6,9.2,9.5,9.6,9.7,9.6,135.484861,34.697435,"Higashi-Ikoma Signal Station",0.593984162557288,34.7004523,135.4902226
"J-Hoppers Osaka Universal","Osaka",2500,6.4,9.4,"Superb",9.3,9.7,9.2,8.7,9.7,10,9.5,135.442876,34.675236,"Asashiobashi",1.69079359293969,34.660821,135.4487601
"J's Backpackers","Tokyo",1600,16.6,8.3,"Fabulous",8,10,8,4,10,8,10,139.8623809,35.745044,"Ayase",3.95017545303329,35.7622536,139.8240857
"Jam Hostel Kyoto Gion","Kyoto",1500,0.9,7.7,"Very Good",7,8,7,9.4,8,6.9,7.9,135.772379,35.004919,"Hyotan-yama",0.3550280039882,35.0037565,135.7687486
"Japanize Guest House","Tokyo",1900,8.1,7.6,"Very Good",7,6,7.7,8.7,7.7,8,8.3,139.7816602,35.6925343,"Kodemmacho",0.315467221698485,35.6913621,139.7784791
"JGH Tokyo","Tokyo",1600,13.2,8.4,"Fabulous",8.1,8,8.1,7.1,8.8,9.8,8.9,139.708425,35.8072664,"Akabane-iwabuchi",2.89174739990576,35.7829684,139.7198532
"Jimbocho Sakura Hotel","Tokyo",2200,5.9,9.4,"Superb",9,9.5,10,9,9,9.5,10,139.756455,35.694959,"Jimbocho",0.217259098044483,35.6969077,139.7566297
"Jiyujin","Kyoto",2600,2,9.7,"Superb",9,10,9.8,9.5,10,9.7,9.7,135.76116,34.9949965,"Gojo",0.140092357978882,34.9954343,135.7597179
"Juyoh Hotel","Tokyo",2900,10.7,8.3,"Fabulous",7.6,8.4,8.4,7.1,8.9,8.9,8.7,139.8007803,35.7267106,"Minami-senju",0.65241074166645,35.7323539,139.7988024
"Kaisu Hostel","Tokyo",3900,4.4,9.4,"Superb",9.1,9.7,9.3,9.3,9.6,9.5,9.2,139.734537,35.669916,"Akasaka",0.216532260657688,35.6715627,139.7358165
"Kaneyoshi Ryokan, Namba Dotombori","Osaka",6500,4.2,9.4,"Superb",10,9,9,10,9,10,9,135.505474,34.66926,"Nippombashi",0.261643034851294,34.6669677,135.5061197
"Ken's House","Osaka",2000,4.7,8.7,"Fabulous",7.5,9,9,9.5,8,9,9,135.4983513,34.66499693,"Namba",0.4275237426166,34.6629331,135.5022953
"Khaosan Kyoto Guest House","Kyoto",2000,1.1,8.9,"Fabulous",8.2,8.8,8.5,9.6,9.1,9,8.9,135.7667341,35.0024156,"Hyotan-yama",0.236427383715691,35.0037565,135.7687486
"Khaosan Tokyo Kabuki","Tokyo",3000,9.7,9.2,"Superb",8.8,8.8,8.8,9.8,9.5,9.5,9,139.795251,35.711436,"Asakusa",0.24139051154236,35.71085336,139.7978265
"Khaosan Tokyo Laboratory","Tokyo",2600,9.3,9.1,"Superb",7.9,9.3,8.8,9.3,9.4,9.7,9.3,139.791328,35.711861,"Tawaramachi",0.229993467406356,35.709842,139.7907747
"Khaosan Tokyo Origami","Tokyo",2500,10,9.5,"Superb",8.9,9.7,9.6,9.4,9.7,9.7,9.4,139.797381,35.71634,"Asakusa",0.611410953253668,35.71085336,139.7978265
"Khaosan Tokyo Samurai","Tokyo",2500,9.5,9.2,"Superb",8,9.3,9.3,9.4,9.5,9.4,9.4,139.792325,35.714887,"Tawaramachi",0.578176694614428,35.709842,139.7907747
"Khaosan World Asakusa RYOKAN & HOSTEL","Tokyo",2500,9.5,8.8,"Fabulous",8.5,8.7,8.5,8.9,9,9.2,8.6,139.791771,35.714595,"Tawaramachi",0.536109671962749,35.709842,139.7907747
"Khaosan World Namba","Osaka",2100,4.5,8.5,"Fabulous",7.4,8.4,8.4,9.1,8.9,9,8.4,135.49717,34.666165,"Namba",0.590652855864424,34.6629331,135.5022953
"Khaosan World Ryogoku Hostel","Tokyo",2300,9.5,9,"Superb",8.2,9.1,8.9,9.6,9.1,9.3,8.4,139.7967617,35.6943259,"Kiyosumi-shirakawa",1.37763350585617,35.6820467,139.7987913
"Khaosan World Tennoji Hostel","Osaka",2300,6.6,9,"Superb",8.3,9.7,9.7,9.3,8.7,9.3,8,135.5183093,34.64884,"Tennoji",0.440360569089143,34.6473102,135.513869
"Kia Ora Budgetstay","Fukuoka-City",2600,2,9,"Superb",8,8.8,8.8,9.2,9.3,9.8,8.8,130.4225942,33.5951129,"Hakata",0.62329357738319,33.5897275,130.4207274
"Kintetsu Friendly Hostel -Osaka Tennoji Park-","Osaka",2000,6.5,9,"Superb",7.8,9.5,9.1,9.4,9.3,9.1,9,135.5122677,34.6485086,"Tennoji",0.198024217699222,34.6473102,135.513869
"Kyoto Be Open Hostel","Kyoto",3400,3.8,9,"Superb",8.7,9.3,8.7,9.3,8.7,9.3,9.3,135.764191,34.977498,"Kujo",0.468287568017552,34.9795635,135.7597118
"Kyoto Guesthouse Roujiya","Kyoto",3500,2.1,8.1,"Fabulous",7.8,9,7.4,8,8.6,8.8,7.4,135.74531,35.009207,"Karasuma Oike",1.30521062674765,35.009992,135.7596091
"Kyoto Hana Hostel","Kyoto",1800,2.5,8.9,"Fabulous",8.1,9.1,8.3,9.8,8.7,9.2,8.8,135.760508,34.9897078,"Kyoto",0.413451467163762,34.9861885,135.7590433
"Kyoto Morris Hostel","Kyoto",2800,0.5,9.7,"Superb",9.4,9.9,9.9,9.3,9.8,9.8,9.8,135.7678365,35.0156844,"Marutamachi",0.748908097902927,35.016855,135.759738
"Kyoto Station Base","Kyoto",2500,3.7,8.9,"Fabulous",8.7,9.3,8.7,8,8.7,10,8.7,135.761469,34.9788089,"Kujo",0.180752052510498,34.9795635,135.7597118
"Kyoto Tsukiusagi","Kyoto",3000,8.7,7.9,"Very Good",6.5,9.5,8,7,9,8,7.5,135.805378,34.940169,"Kintetsu-Tambabashi",3.55923361240202,34.9384149,135.7663899
"Kyoto UTANO Youth Hostel","Kyoto",3400,6.4,9.3,"Superb",9,10,9.5,7,10,10,9.5,135.699365,35.0269847,"Shin-Omiya",4.87394713858925,35.044386,135.7484986
"Kyoubashi Ryokan","Hiroshima",3400,1.8,8.6,"Fabulous",6,10,6,10,10,8,10,132.4718215,34.3938412,"Kencho-mae",1.29300944718328,34.3963499,132.4580612
"Len Kyoto","Kyoto",2500,1.4,9.6,"Superb",9.6,9.6,9.7,9.7,9.6,9.8,9.5,135.7673713,34.998732,"Hyotan-yama",0.572610014854855,35.0037565,135.7687486
"Little Japan","Tokyo",2100,8.5,9.2,"Superb",8.7,9.3,9.3,8.7,9.2,9.5,9.5,139.7844521,35.70147559,"Naka-okachimachi",0.931086085450972,35.7064914,139.7761952
"Lore Hostel Dontonbori","Osaka",2000,4.3,8.5,"Fabulous",7.1,7.7,8.6,9.7,9.1,8.6,8.9,135.503853,34.667931,"Nippombashi",0.233337506073627,34.6669677,135.5061197
"Lucky's","Osaka",2500,3.2,7.7,"Very Good",2,10,8,8,10,10,6,135.5036089,34.64760807,"Dobutsuen-mae",0.15130571408003,34.6489686,135.5035809
"Lyuro Tokyo Kiyosumi -The Share Hotels-","Tokyo",3200,9.1,9.4,"Superb",9.3,10,10,7.3,10,9.3,10,139.7920658,35.6812172,"Suitengumae",0.603823603953554,35.6825022,139.7855703
"montan HAKATA","Fukuoka-City",3000,2.4,9.4,"Superb",9.3,9.8,9.7,8.8,9.5,9.5,9.5,130.427977,33.588725,"Higashi-Hie",0.326242991525904,33.5897427,130.4312804
"Mosaic Hostel Kyoto","Kyoto",2500,3.7,9.6,"Superb",9.5,9.7,9.7,9.3,9.7,9.7,9.5,135.7552361,34.9803659,"Toji",0.241472645822943,34.9799452,135.7526359
"Music Uni Street Backpackers Hostel","Osaka",3000,6,8.9,"Fabulous",9,9,9,8,8,10,9,135.4673702,34.7519746,"Esaka",2.8095325949026,34.7586533,135.4970297
"MyCUBE by MYSTAYS Asakusa-Kuramae","Tokyo",3200,9.2,8.8,"Fabulous",8,9.5,9,8,9,9,9,139.7920033,35.7037857,"Tawaramachi",0.682505513732532,35.709842,139.7907747
"Nadeshiko Hotel Shibuya (Female Only)","Tokyo",5500,3.8,9.2,"Superb",8.7,9.7,9.7,8.7,9.7,9.3,8.7,139.692988,35.6550972,"Shibuya",0.848273231437849,35.65820823,139.7015607
"Nagomi-Ryokan Yuu","Kyoto",3100,2.2,5.1,"Rating",6,6,2,8,6,2,6,135.755793,34.99419,"Gojo",0.383362889098097,34.9954343,135.7597179
"Nihonbashi Muromachi BAY HOTEL","Tokyo",4000,7.6,9.2,"Superb",9,9.7,8.7,8.3,10,9.3,9.3,139.7756795,35.6872974,"Mitsukoshimae",0.453024310787591,35.6849915,139.7715442
"Norishico Auto Guesthouse","Fukuoka-City",2800,16.1,10,"Superb",10,10,10,10,10,10,10,130.528032,33.49096,"Fukuokakuko (Airport)",13.9401835628406,33.597226,130.4482244
"Nui. Hostel & Bar Lounge","Tokyo",2500,9.3,9.3,"Superb",9.5,9.6,9.4,8.6,9.3,9.6,9.4,139.7933951,35.7038859,"Tawaramachi",0.7032818659115,35.709842,139.7907747
"O-yado Sato","Kyoto",3900,2.3,9.1,"Superb",9,10,9,8,10,9,9,135.75571,34.994214,"Gojo",0.389485631194008,34.9954343,135.7597179
"Oak Hostel Zen","Tokyo",2200,8.8,9,"Superb",8.2,8.9,8.9,9.1,9.6,9.3,8.9,139.7809311,35.7219034,"Iriya",0.409899347414971,35.7215633,139.7854523
"Oak Hotel Edo","Tokyo",2200,9.7,7.6,"Very Good",4,10,8,8,8,8,7,139.798931,35.6879156,"Kiyosumi-shirakawa",0.652713864434402,35.6820467,139.7987913
"Oakhostel Cabin","Tokyo",2100,8.6,9,"Superb",8.1,9.5,9.1,8.4,9.4,9.2,9.2,139.7859882,35.678055,"Suitengumae",0.495944538526693,35.6825022,139.7855703
"Oakhostel Fuji","Tokyo",2000,10,9,"Superb",8.2,9.2,8.9,8.9,9.4,9.1,9.2,139.8009084,35.7069254,"Asakusa",0.517878141129623,35.71085336,139.7978265
"Oakhostel Sakura","Tokyo",1800,11.3,9.2,"Superb",8,10,9.3,9.3,9.7,9,9,139.8152216,35.70739,"Oshiage",0.404218515697065,35.7106447,139.8132275
"Obi Hostel","Tokyo",2000,8.2,9.1,"Superb",8.4,9.2,9,9,9.3,9.4,9.1,139.7819046,35.6920482,"Kodemmacho",0.318621695620123,35.6913621,139.7784791
"Okara Guesthouse","Kyoto",1900,2.4,9.4,"Superb",9.2,9.8,9.4,9.2,9.4,9.4,9.4,135.7550308,34.9925923,"Gojo",0.531186886652791,34.9954343,135.7597179
"OKI's Inn","Kyoto",2500,1.1,9.4,"Superb",8.8,9.6,9.2,10,8.8,10,9.2,135.7789591,35.0086338,"Hyotan-yama",1.07654351306282,35.0037565,135.7687486
"Omotenashi Hostel Miyajima","Hiroshima",2500,13.5,9.1,"Superb",8.8,9.7,9.5,7.9,9.2,9.5,9.3,132.319971,34.3369812,"Koiki-koen-mae",13.1927841832273,34.4354518,132.4001697
"Osaka Fuku Hostel Nagomi","Osaka",3000,4.4,9.3,"Superb",8.7,9.6,9,9.8,8.9,9.6,9.2,135.50642,34.667318,"Nippombashi",0.0476601080060579,34.6669677,135.5061197
"Osaka Fuku Hostel Namba","Osaka",3000,4.5,8.9,"Fabulous",8.5,9,8.3,9.7,8.8,9.6,8.4,135.5041027,34.6665276,"Nippombashi",0.19084557616008,34.6669677,135.5061197
"Osaka Guest House Midoriya","Osaka",2800,5.1,9.7,"Superb",9.7,10,9.6,9.4,9.7,10,9.7,135.5485836,34.6817305,"Midoribashi",0.331813832459398,34.6806633,135.5451948
"Osaka Guesthouse Hive","Osaka",2300,1.3,8.3,"Fabulous",7.6,8.6,8,8.5,8.6,8.5,8,135.489407,34.7021661,"Higashi-Ikoma Signal Station",0.204632534832316,34.7004523,135.4902226
"Osaka GuestHouse KOMA","Osaka",1500,4.4,8.3,"Fabulous",8,7.5,7.8,9.1,7.9,9.1,8.8,135.4895197,34.6687377,"Sakuragawa",0.119772300858586,34.6684262,135.488266
"Osaka Guesthouse Nest","Osaka",1500,6.7,8.5,"Fabulous",7.8,9,8.2,8.7,8.3,9.2,8,135.52325,34.6494472,"Tennoji",0.890421664110858,34.6473102,135.513869
"Osaka Guesthouse Sakura","Osaka",2500,0.9,8.8,"Fabulous",8.9,8.9,8.4,8.3,8.5,9.4,9.2,135.505511,34.69898,"Minami-morimachi",0.514568888971133,34.6975494,135.5108639
"Osaka Guesthouse SUN","Osaka",2300,4.3,9.1,"Superb",8.8,9,8.5,9.5,8.8,9.5,9.4,135.4918195,34.6693182,"Sakuragawa",0.339776133524041,34.6684262,135.488266
"Osaka Hana Hostel","Osaka",2600,3.7,9.5,"Superb",8.5,9.6,9.6,9.8,9.5,9.8,9.6,135.498216,34.6731483,"Yotsubashi",0.174874203090517,34.6741351,135.496727
"Osaka Hostel Kai","Osaka",2600,2.8,9.1,"Superb",8.9,9.1,8.9,8.6,8.9,9.7,9.7,135.4764591,34.6931733,"Nodahanshin",0.194241165140132,34.6942884,135.4748237
"Osaka International Youth Hostel","Osaka",2900,20.3,9.4,"Superb",10,10,10,6,10,10,10,135.433003,34.532974,"Nakamozu",7.12204762616745,34.5561152,135.5055107
"Osaka Namba Hostel MIYABI","Osaka",2000,5,8.9,"Fabulous",7.6,9.1,8.8,9.3,9,9.2,9.4,135.4967377,34.6620588,"Namba",0.517509737577915,34.6629331,135.5022953
"Oshiteruya","Osaka",2800,6.5,7.3,"Very Good",6.7,8,6.7,7.3,6.7,8,8,135.549222,34.663197,"Imazato",0.173420010145522,34.6646652,135.5498616
"Peace House Abeno","Osaka",1200,6.9,9,"Superb",9,9.1,9.1,8.2,9.1,9.1,9.3,135.5072578,34.6447906,"Abeno",0.49604471882559,34.642719,135.5120601
"Peace House Sachi","Osaka",1200,6.5,8.6,"Fabulous",8.8,8.2,7.9,8.9,8.4,9.2,8.8,135.5042885,34.6484984,"Dobutsuen-mae",0.0832061542142742,34.6489686,135.5035809
"Peace House Sakura","Kyoto",1300,1.8,6.3,"Good",6.8,5.8,5.3,6.5,6.3,6.8,7,135.773323,34.995831,"Hyotan-yama",0.974809827912933,35.0037565,135.7687486
"Peace House Showa","Osaka",1200,6.8,7.5,"Very Good",8,6.4,5.6,8,6.4,9.6,8.4,135.5065439,34.6457488,"Dobutsuen-mae",0.449051568840042,34.6489686,135.5035809
"Peace House Suzunami","Osaka",1200,6.4,8.2,"Fabulous",8.4,7.1,7.9,8.7,8,8.9,8.2,135.5122777,34.6493107,"Tennoji",0.265840275252837,34.6473102,135.513869
"Picnic Hostel Osaka","Osaka",2000,4.4,9.4,"Superb",8.6,9.8,9.4,9.5,9.5,9.5,9.6,135.487358,34.6692926,"Sakuragawa",0.127187783857447,34.6684262,135.488266
"Piece Hostel Kyoto","Kyoto",2700,3.2,9.7,"Superb",9.2,9.9,9.8,9.8,9.9,9.9,9.6,135.7621209,34.9836157,"Kyoto",0.400567257612102,34.9861885,135.7590433
"Piece Hostel Sanjo","Kyoto",2900,0.5,9.6,"Superb",9.1,9.8,9.7,9.6,9.8,9.9,9.6,135.764655,35.008028,"Karasuma Oike",0.508808744513403,35.009992,135.7596091
"Planetyze Hostel","Tokyo",2400,8.5,9.3,"Superb",8.6,9.5,9,9.3,9.6,9.6,9.3,139.786004,35.694492,"Kodemmacho",0.763491879035358,35.6913621,139.7784791
"Poly Hostel Osaka","Osaka",3800,5.9,9.4,"Superb",8,10,10,8,10,10,10,135.503676,34.65348176,"Ebisucho",0.237661025935796,34.6549385,135.5055773
"Prime Inn Shinsaibashi","Osaka",2600,3.3,9.2,"Superb",8.7,9.3,8.7,9.3,10,9.3,9.3,135.5074622,34.677238,"Nagahoribashi",0.325735512320237,34.6744602,135.5063311
"Qoo Ebisucho","Osaka",2000,5.5,5.7,"Rating",6,8,6,6,2,8,4,135.5053576,34.657003,"Ebisucho",0.230439792064225,34.6549385,135.5055773
"Quality Hostel K's House Tokyo Oasis","Tokyo",3000,9.6,9,"Superb",8.2,9.6,8.4,9.1,9.5,9.3,8.7,139.7935305,35.715796,"Asakusa",0.672676236062116,35.71085336,139.7978265
"R.Star Hostel Kyoto","Kyoto",2400,1.8,9.6,"Superb",8.7,10,9.7,9.3,9.8,9.9,9.8,135.758374,34.997989,"Gojo",0.309323396782152,34.9954343,135.7597179
"Retrometro Backpackers","Tokyo",3000,9.2,9.4,"Superb",9.4,9.4,9,9.4,9.5,9.8,9.6,139.7893615,35.7131573,"Tawaramachi",0.390100956335135,35.709842,139.7907747
"RokuRoku","Kyoto",2500,2.4,9.7,"Superb",10,10,10,9,10,9,10,135.7922873,35.02020078,"Hyotan-yama",2.81762830566238,35.0037565,135.7687486
"Roots Hostel","Osaka",3000,3.1,8,"Fabulous",7.8,7.9,7.6,7.5,8,9.1,8.1,135.4953584,34.67926055,"Hommachi",0.440435893628859,34.6820067,135.4988295
"RYOKANï¼†HOSTEL WASABI Nippori","Tokyo",2000,9.1,8.7,"Fabulous",8.2,8.6,8.9,8.5,8.8,8.9,8.9,139.777723,35.732782,"Nishi-nippori",0.949057190442507,35.7325993,139.767211
"Sakura Guest House","Osaka",2700,4.3,4.9,"Rating",4,4,4,8,4,6,4,135.504941916231,34.6684272684117,"Nippombashi",0.194787743862137,34.6669677,135.5061197
"Sakura Hostel Asakusa","Tokyo",2400,9.8,8.6,"Fabulous",7.7,8.6,8.4,8.9,9,9,8.7,139.7948263,35.7160224,"Asakusa",0.635399781154201,35.71085336,139.7978265
"Sakura Hotel Ikebukuro","Tokyo",2300,5.1,8.3,"Fabulous",7.3,8.2,7.9,9,7.8,9.1,8.8,139.7088026,35.7336139,"Ikebukuro",0.267572628816173,35.7312289,139.7084087
"Sakura Hotel Nippori","Tokyo",1900,7.8,9.1,"Superb",8.6,9.4,8.9,9.1,9.7,9.4,8.6,139.764175,35.7281692,"Sendagi",0.30118889121765,35.7255677,139.7632458
"Sakura La An","Osaka",2900,1.2,9.6,"Superb",9.3,9.8,9.5,9.2,9.6,9.8,9.7,135.5123668,34.6997902,"Minami-morimachi",0.284536101712158,34.6975494,135.5108639
"Santiago Guesthouse Hiroshima","Hiroshima",2000,0.7,8.9,"Fabulous",8.5,8.9,8.7,9.6,9,8.6,8.8,132.4594088,34.3903664,"Hondori",0.402778575879041,34.3933943,132.4569995
"Santiago Guesthouse Kyoto","Kyoto",1300,2,8.8,"Fabulous",8.4,9.3,8.7,8.5,8.7,9.2,8.8,135.775802,34.994416,"Hyotan-yama",1.22126628497599,35.0037565,135.7687486
"Senba Hostel","Osaka",3500,3.2,9.1,"Superb",9,9.5,9,9,9.5,9,8.5,135.506513,34.678133,"Nagahoribashi",0.408735327107836,34.6744602,135.5063311
"Sheena and Ippei","Tokyo",3700,4.2,9.1,"Superb",10,10,8,8,8,10,10,139.6930044,35.7273553,"Kanamecho",0.790835851614557,35.7332567,139.6978942
"Shibamata FU-TEN Bed and Local","Tokyo",3000,18.5,4.9,"Rating",2,4,2,2,10,10,4,139.8778804,35.7597827,"Kita-ayase",4.55752578395584,35.77705225,139.8320687
"Shin-Osaka Tomato Guest House","Osaka",1500,1.9,9,"Superb",7.4,9.6,9.1,8.4,9.3,9.6,9.4,135.495927,34.722974,"Minamikata",0.452017599168807,34.7257421,135.4995491
"Shin-Osaka Youth Hostel","Osaka",3200,2.8,8.9,"Fabulous",7,10,9,9,10,8,9,135.5037061,34.7321448,"Shin-Osaka",0.355459623198522,34.73355797,135.500217
"Small World Guesthouse in Kyoto","Kyoto",1600,3.9,8.1,"Fabulous",8.5,8.9,8,7.8,6.9,7.1,9.1,135.7512884,35.0435832,"Shin-Omiya",0.26920501787868,35.044386,135.7484986
"Space Hostel Tokyo","Tokyo",2200,9.1,9.1,"Superb",8.6,9.6,9,8.7,9.2,9.4,9.2,139.785652,35.718662,"Iriya",0.323113181352463,35.7215633,139.7854523
"Sparkling Dolphins Inn Kyoto","Kyoto",3000,3.6,6.2,"Good",5.3,6.7,5.7,7,5.7,7,6,135.7628498,34.9797912,"Kujo",0.287016370662,34.9795635,135.7597118
"Stayto (former: Oak Hotel)","Tokyo",2500,8.7,9,"Superb",8.3,9.1,8.5,9.2,9.4,9.5,8.8,139.78462,35.711382,"Inaricho",0.175787957572961,35.71141397,139.7826734
"Suzuki Guesthouse","Kyoto",1600,2.2,9.1,"Superb",8.6,9.6,8.7,8.4,9.8,9.6,8.9,135.7451539,35.0176229,"Marutamachi",1.33086284355955,35.016855,135.759738
"Tabetoma Nijo Castle","Kyoto",1500,1.3,8.8,"Fabulous",8.5,9.3,8.6,8.9,9,9,8.7,135.748218,35.0142299,"Marutamachi",1.08895737130938,35.016855,135.759738
"Tabicolle Backpackers","Fukuoka-City",2500,2.3,10,"Superb",10,10,10,10,10,10,10,130.4248084,33.5821253,"Hakata",0.926003730998598,33.5897275,130.4207274
"Tadaima Japan Shinjuku Ryokan","Tokyo",7600,2.8,8.4,"Fabulous",8,9,9,8,8,9,8,139.7229976,35.6897213,"Yotsuya-sanchome",0.336622619128103,35.6877469,139.7201721
"Talbot","Kyoto",2000,29.5,10,"Superb",10,10,10,10,10,10,10,135.7469718,35.00862662,"Karasuma Oike",1.16091493691923,35.009992,135.7596091
"Tanaka Gokurakudo Guest House","Kyoto",2000,2.7,8.7,"Fabulous",8.2,9.1,8,9.3,8.7,8.9,8.4,135.7583091,34.98891,"Kyoto",0.309920429260548,34.9861885,135.7590433
"Tani9 Backpackers Osaka","Osaka",2000,4.5,9,"Superb",8.8,8.9,8.6,9.5,9.2,9.5,8.7,135.513636,34.6670278,"Tanimachi Kyuchome",0.215710647388659,34.666639,135.5159468
"The Blend Inn","Osaka",2300,4.5,9.6,"Superb",9.8,9.9,9.5,8.5,10,9.9,9.6,135.460685,34.684522,"Tamagawa",1.52828285641568,34.6894491,135.4762889
"The Evergreen Hostel","Hiroshima",2000,1.5,9,"Superb",8.6,9.1,8.7,9.2,8.9,9.3,9,132.449763,34.3978868,"Kencho-mae",0.78031675173615,34.3963499,132.4580612
"THE LIFE hostel & bar lounge","Fukuoka-City",2400,0.9,9.1,"Superb",8.9,9.4,9.2,9.3,8.8,9.2,8.9,130.4113419,33.5912939,"Gion",0.428525559255783,33.5940958,130.4145184
"The Lower East Nine Hostel","Kyoto",3000,3.7,9.4,"Superb",8.8,9.8,9.6,8.9,9.7,9.6,9.2,135.7600257,34.9793866,"Kujo",0.0347105522057506,34.9795635,135.7597118
"The Millennials Kyoto","Kyoto",2700,0.5,9.6,"Superb",9.3,9.8,9.8,9.9,9.6,9.4,9.5,135.7688947,35.0075126,"Hyotan-yama",0.417871186589498,35.0037565,135.7687486
"The Millennials Shibuya","Tokyo",6300,3.1,9.3,"Superb",8.9,10,9.3,9.8,9.5,8.9,8.7,139.6996954,35.6621966,"Shibuya",0.474425138163516,35.65820823,139.7015607
"THE NEXT DOOR lower east nine hostel","Kyoto",3000,4,9.5,"Superb",8.6,9.7,9.9,9,9.6,9.8,9.7,135.7500613,34.9791577,"Toji",0.250379099855983,34.9799452,135.7526359
"The Pax Hostel/Records/More","Osaka",2300,6,9.5,"Superb",9.5,9.4,9.3,9.4,9.4,9.9,9.5,135.5054521,34.6527146,"Ebisucho",0.247551427836048,34.6549385,135.5055773
"The Prime Pod Ginza Tokyo","Tokyo",3700,7.2,9,"Superb",7.9,9.2,9.2,9.5,9.6,9,8.4,139.7670874,35.6692691,"Higashi-ginza",0.195039904328647,35.670715,139.7683097
"The Prime Pod Kyoto","Kyoto",2500,0.4,9.8,"Superb",9.4,10,10,9.6,9.9,9.9,9.6,135.7702541,35.0090836,"Hyotan-yama",0.608009754874628,35.0037565,135.7687486
"Toco Tokyo Heritage Hostel","Tokyo",3000,9.1,9.2,"Superb",10,10,7.3,8.7,8.7,10,10,139.7839281,35.7220369,"Iriya",0.147330246211291,35.7215633,139.7854523
"Tokyo Hostel ENISHI","Tokyo",3300,4.7,8.6,"Fabulous",7.5,9,9,8.5,9,9,8.5,139.6794363,35.6482038,"Naka-meguro",1.83282355875235,35.6443281,139.6991511
"Tokyo Hostel Fuji","Tokyo",2000,1.6,9.2,"Superb",8.8,9.3,9,9,9.4,9.8,9.2,139.674336,35.692835,"Nakano-shimbashi",0.102464763189479,35.692021,139.6738042
"Tokyo House Inn","Tokyo",3800,1.5,6.8,"Good",6,6.7,6.7,8,6,7.3,6.7,139.7038187,35.6990062,"Higashi-shinjuku",0.353070272001207,35.6989445,139.7077279
"Tokyo Hutte","Tokyo",3000,11.3,7.1,"Very Good",8,6,4,8,10,8,6,139.8150041,35.7088828,"Oshiage",0.253204848972363,35.7106447,139.8132275
"Tokyo Sumidagawa Youth Hostel","Tokyo",2500,8.9,7.7,"Very Good",6.5,6,8,8,9,9,7.5,139.7892234,35.6991309,"Tawaramachi",1.19922861446349,35.709842,139.7907747
"TOKYO-W-INN Asakusa","Tokyo",2500,9.3,8.9,"Fabulous",8.2,9.2,8.9,8.9,8.8,9.4,9.2,139.7923088,35.7083161,"Tawaramachi",0.21903081088155,35.709842,139.7907747
"Tomato Kyoto Station","Kyoto",1500,3.1,8.3,"Fabulous",8.3,8.3,8,7.3,8.3,9.3,8.7,135.751832,34.986881,"Kyoto",0.661450702603625,34.9861885,135.7590433
"Tonagi Hostel Ã— Cafe","Fukuoka-City",2500,2,8.9,"Fabulous",9,9,9.3,7.3,9.3,9,9.3,130.41452,33.604248,"Chiyo-Kenchoguchi",0.16084866265406,33.6028022,130.4145758
"Train Hostel HOKUTOSEI","Tokyo",2100,8.3,8.7,"Fabulous",7.4,9.3,9,8.7,8.8,9.2,8.8,139.7828434,35.694048,"Kodemmacho",0.494505499927707,35.6913621,139.7784791
"Turn Table Hostel","Tokyo",5400,3.8,9.6,"Superb",9.4,9.9,9.7,9.7,9.6,9.6,9.3,139.6929157,35.6553861,"Shibuya",0.84174414029347,35.65820823,139.7015607
"Umbrella House Osaka","Osaka",2300,8.5,6.8,"Good",6,8,6.6,5.4,7.4,7.4,6.9,135.546582,34.639764,"Minami-Tatsumi",0.719258139536864,34.6431864,135.5532536
"Uno Ueno","Tokyo",1500,8.2,8.8,"Fabulous",7.8,9.3,8.5,8.9,9.2,9.3,8.6,139.7791708,35.7087463,"Naka-okachimachi",0.367492415698227,35.7064914,139.7761952
"Unplan Kagurazaka","Tokyo",3200,4,9.5,"Superb",9.2,9.9,9.6,8.8,9.6,9.8,9.6,139.7313228,35.7050654,"Kagurazaka",0.314456898796999,35.70400224,139.7345499
"Very Hostel Namba","Osaka",2500,4.9,9,"Superb",8.8,9.2,9.2,8.8,8.4,9.2,9.2,135.4888061,34.6636522,"Sakuragawa",0.5331377483428,34.6684262,135.488266
"WeBase HAKATA","Fukuoka-City",3000,0.9,9.5,"Superb",9,9.8,9.7,9.4,9.7,9.7,9.3,130.408271,33.595674,"Nakasu-Kawabata",0.223110619740597,33.5945858,130.4062472
"WIRED HOTEL Asakusa","Tokyo",5200,9.7,9.5,"Superb",8.9,10,9.9,9.1,9.7,9.6,9.5,139.793905,35.7158533,"Asakusa",0.659129798354809,35.71085336,139.7978265
"Wise Owl Hostels Shibuya","Tokyo",2500,4,9.1,"Superb",8.9,9.6,9.1,8.4,9.6,9.5,8.8,139.6897743,35.6537001,"Shibuya",1.17698045357196,35.65820823,139.7015607
"Wise Owl Hostels Tokyo","Tokyo",2000,7.9,9.1,"Superb",8.4,9.5,9.1,9.1,9.4,9.3,9.1,139.7772748,35.6747807,"Hatchobori",0.112782058755162,35.674006,139.7764689
"With B","Tokyo",4000,8.6,9.1,"Superb",8.5,9.5,9,8,9,9.5,10,139.7326905,35.67468366,"Akasaka",0.447400197246693,35.6715627,139.7358165
"YADOYA Guesthouse Green","Tokyo",2300,2.6,8.2,"Fabulous",7.9,7.7,6.9,8.9,8.9,8.8,8.3,139.6681253,35.7029083,"Nakano",0.301499024986045,35.7048964,139.6658548
"YADOYA Guesthouse Orange","Tokyo",2000,2.9,8.9,"Fabulous",8.6,9,7.8,9.4,9,9.2,9.4,139.6676947,35.7065126,"Nakano",0.244736841366582,35.7048964,139.6658548
"YAWP! backpackers","Tokyo",2500,17.5,9.3,"Superb",9.5,9.3,9.4,8.5,9.5,9.2,9.6,139.8691966,35.7528846,"Ayase",4.2017504744315,35.7622536,139.8240857
"You En Me House","Kyoto",2800,2.4,8,"Fabulous",7.3,8,6.7,8,8.7,10,7.3,135.749063,34.997376,"Gojo",0.994275296672627,34.9954343,135.7597179
"Zabutton Hostel","Tokyo",2900,5.9,8.6,"Fabulous",8.1,8.5,7.8,9,8.9,9.5,8.5,139.742116,35.65547,"Azabu-juban",0.56032265114215,35.6567021,139.7361025
